{
  "attendance": 35.81999969482422,
  "marks": 31.350000381469727,
  "assignment": 20.889999389648438,
  "lms": 11.9399995803833
}